Area(sqft),Rooms,Bathrooms,Floors,Location,YearBuilt,Parking,Condition,Price
3774,4,3,2,Suburban,2013,2,Fair,806800.0
4107,4,2,2,Downtown,2008,2,Fair,1371200.0
1460,1,1,3,Suburban,1980,2,Good,348200.0
1894,4,3,1,Urban,2012,2,Good,661900.0
1730,3,3,3,Downtown,2019,1,Good,804600.0
1695,3,3,3,Downtown,2008,3,Good,782100.0
4372,2,2,1,Urban,2018,0,Good,1285700.0
3692,4,3,1,Suburban,1989,1,Excellent,998300.0
2238,2,2,3,Downtown,1988,1,Good,879400.0
2769,3,3,1,Urban,1980,1,Fair,760800.0
1066,4,3,2,Downtown,2011,0,Fair,468300.0
1838,1,1,3,Urban,2006,2,Good,611900.0
930,3,3,2,Suburban,1977,1,Good,300400.0
2082,2,2,1,Suburban,1977,1,Fair,437000.0
2735,2,1,2,Suburban,1996,2,Good,642000.0
4044,3,2,1,Urban,1996,1,Fair,1045100.0
3771,3,2,2,Suburban,1984,0,Good,801800.0
3519,3,3,1,Suburban,1977,1,Good,768100.0
4335,3,1,2,Suburban,1986,3,Good,925900.0
730,3,2,2,Urban,2003,0,Fair,251700.0
2285,4,4,2,Suburban,2022,1,Excellent,790400.0
3980,3,2,2,Rural,1991,1,Good,600500.0
1369,3,3,2,Rural,1981,1,Fair,262100.0
2991,3,2,2,Rural,1987,0,Fair,412800.0
2115,3,2,1,Suburban,1976,1,Good,497300.0
4085,2,2,2,Rural,1978,1,Excellent,706400.0
3453,4,2,1,Rural,1984,3,Excellent,652100.0
3033,3,2,3,Downtown,2013,1,Good,1215700.0
1815,2,1,1,Downtown,1998,1,Excellent,843300.0
1555,3,3,1,Suburban,1991,1,Fair,392800.0
2924,2,2,2,Downtown,1980,1,Fair,939900.0
1784,5,5,1,Rural,1993,2,Excellent,473300.0
1059,1,1,1,Urban,1979,1,Good,362100.0
3985,2,2,2,Urban,2006,1,Good,1205400.0
621,3,2,2,Suburban,1984,2,Good,213000.0
2900,3,2,2,Suburban,1983,1,Excellent,782300.0
1347,4,4,1,Suburban,2001,1,Good,443000.0
3504,1,1,2,Suburban,1987,1,Excellent,888000.0
4232,4,4,1,Urban,1993,1,Good,1296800.0
1074,1,1,2,Rural,1995,0,Fair,169700.0
1682,4,3,2,Rural,1998,0,Excellent,411100.0
3158,1,1,2,Rural,2012,1,Fair,441400.0
4353,1,1,1,Suburban,1978,2,Excellent,1036300.0
2647,3,2,1,Suburban,1998,1,Good,593600.0
4147,6,5,1,Rural,2009,1,Good,735400.0
3347,4,3,1,Downtown,1977,0,Good,1264400.0
1575,3,2,1,Suburban,1978,1,Fair,347000.0
2406,5,5,2,Rural,2011,0,Good,528900.0
789,1,1,1,Urban,2014,3,Excellent,412400.0
3605,6,5,3,Rural,2022,2,Excellent,838000.0
3334,3,2,1,Urban,2009,3,Good,1039100.0
3605,4,3,2,Urban,2005,2,Excellent,1309700.0
1162,4,3,2,Suburban,2018,1,Excellent,495200.0
2499,4,4,1,Rural,1999,1,Good,481800.0
4238,3,2,1,Suburban,2014,1,Fair,849600.0
1867,3,2,2,Rural,1987,1,Excellent,386100.0
3479,4,3,1,Rural,1978,3,Good,546500.0
2128,2,1,3,Suburban,2020,0,Excellent,654900.0
3802,5,5,2,Suburban,1988,2,Excellent,1111900.0
4156,4,4,3,Suburban,1987,1,Excellent,1135900.0
4490,2,1,1,Urban,2001,2,Good,1280300.0
1246,4,3,2,Suburban,1980,3,Good,407700.0
2668,3,3,2,Rural,1991,2,Good,463400.0
3488,4,3,2,Rural,2010,2,Good,645500.0
2814,4,3,1,Downtown,2014,1,Fair,989100.0
1897,1,1,2,Suburban,2023,2,Good,528600.0
3035,3,2,1,Downtown,2009,3,Good,1211200.0
1200,5,5,2,Suburban,1991,2,Excellent,558700.0
2963,2,1,1,Urban,2015,2,Fair,786100.0
2661,3,2,2,Suburban,1976,2,Good,580400.0
841,3,2,1,Suburban,1987,2,Fair,266400.0
2641,3,2,2,Suburban,1976,1,Fair,507300.0
3424,3,2,2,Suburban,2002,2,Fair,719500.0
4017,3,3,2,Suburban,2017,1,Good,972600.0
3212,2,1,2,Suburban,2000,0,Fair,633400.0
3545,3,2,1,Urban,1996,1,Good,1053000.0
1963,1,1,3,Downtown,2021,1,Fair,722500.0
2739,2,1,1,Suburban,2017,0,Excellent,774900.0
1990,1,1,2,Suburban,1977,0,Excellent,513500.0
3603,2,1,2,Rural,2009,1,Excellent,644400.0
2078,3,2,2,Urban,1986,0,Excellent,792100.0
4099,3,3,1,Suburban,1998,1,Excellent,1096100.0
3156,4,4,2,Downtown,1979,2,Excellent,1466500.0
1375,2,1,2,Suburban,1994,3,Good,394100.0
634,4,3,1,Suburban,2013,2,Fair,297900.0
2853,4,4,3,Urban,2013,3,Good,1000000.0
3752,3,3,1,Urban,1987,2,Fair,983300.0
2555,5,4,1,Suburban,2015,1,Good,708500.0
2185,6,5,1,Suburban,2019,2,Good,690500.0
4059,2,2,1,Downtown,1986,2,Excellent,1772200.0
3673,3,3,3,Rural,1987,1,Excellent,675200.0
1621,5,5,1,Downtown,1984,0,Good,735000.0
4061,4,4,1,Rural,2007,2,Good,679600.0
3213,1,1,1,Urban,2014,0,Excellent,1141200.0
1729,4,3,2,Urban,1990,2,Good,620000.0
4443,4,3,2,Suburban,2019,1,Good,1045100.0
4493,4,3,1,Downtown,2009,1,Fair,1510200.0
2100,4,3,1,Rural,1977,1,Good,375700.0
1302,4,4,2,Suburban,1979,0,Good,388200.0
3049,2,2,1,Suburban,2000,1,Excellent,801600.0
3377,2,1,1,Suburban,1985,2,Good,714300.0
2179,3,3,1,Urban,1981,2,Fair,609800.0
761,5,4,2,Rural,1984,2,Fair,217100.0
801,2,1,1,Rural,2016,1,Good,221100.0
2581,3,2,2,Rural,2008,2,Excellent,555500.0
1595,3,3,1,Rural,1977,1,Good,291300.0
2917,3,3,3,Suburban,1982,1,Good,702400.0
1415,4,3,1,Urban,2005,1,Good,528700.0
3942,4,4,2,Downtown,1985,1,Good,1505600.0
1055,3,2,1,Urban,2019,1,Good,438200.0
4133,3,2,1,Rural,1981,0,Good,585000.0
4398,3,1,2,Suburban,2019,2,Good,1028900.0
1875,3,3,1,Rural,1976,2,Good,347500.0
1616,3,2,2,Suburban,1980,1,Good,419600.0
4373,3,2,3,Suburban,2015,0,Excellent,1167200.0
2943,3,3,2,Rural,2006,1,Excellent,628800.0
4396,1,1,1,Suburban,1994,1,Good,926200.0
3367,2,1,2,Downtown,2008,2,Good,1289500.0
4420,3,3,1,Suburban,1990,1,Good,956700.0
937,3,3,2,Suburban,1999,2,Excellent,401000.0
1478,2,2,2,Rural,1986,2,Good,314700.0
1676,4,3,2,Suburban,1981,1,Good,446900.0
1391,3,2,1,Downtown,2013,3,Good,674900.0
2864,2,1,2,Rural,1991,1,Excellent,511600.0
1363,4,4,1,Suburban,2019,1,Fair,421300.0
2835,3,3,2,Rural,1985,1,Good,471400.0
979,4,3,1,Suburban,1980,0,Good,292300.0
1092,3,2,2,Rural,1997,0,Fair,215100.0
3712,6,5,2,Urban,2001,1,Fair,1045400.0
1780,4,3,2,Urban,2020,2,Excellent,806700.0
2662,4,2,1,Urban,1980,3,Excellent,984600.0
4484,4,3,2,Suburban,2012,2,Good,1057800.0
664,2,1,1,Urban,1976,0,Excellent,264300.0
3168,2,1,1,Suburban,1996,2,Good,727900.0
1967,4,4,1,Suburban,1994,2,Good,556600.0
1752,3,2,1,Urban,1999,2,Good,590600.0
2627,4,2,1,Rural,1989,2,Excellent,518900.0
3295,2,2,2,Rural,2023,2,Good,596900.0
2095,3,2,1,Urban,2003,1,Fair,597900.0
3734,3,2,1,Suburban,1982,2,Excellent,961400.0
1762,3,2,3,Suburban,2011,1,Good,495600.0
2122,3,2,1,Suburban,2023,3,Fair,545800.0
3240,3,1,2,Downtown,2007,1,Good,1230600.0
991,3,2,2,Downtown,1996,0,Good,477600.0
2298,3,3,3,Downtown,2021,0,Excellent,1150700.0
1018,3,2,2,Suburban,1979,2,Good,290500.0
2936,4,4,2,Rural,2013,1,Good,561700.0
978,1,1,2,Suburban,1992,1,Good,271900.0
2396,3,2,1,Rural,2012,3,Good,462400.0
4161,3,2,2,Rural,2011,3,Fair,598200.0
2878,4,3,1,Suburban,2004,1,Good,714200.0
3665,3,1,3,Suburban,2005,1,Excellent,977500.0
2688,4,3,1,Downtown,1984,2,Fair,933100.0
3699,5,4,2,Suburban,1989,3,Good,914100.0
2782,2,2,1,Suburban,2016,1,Good,658400.0
800,2,1,2,Rural,2022,2,Good,278100.0
2463,3,1,1,Downtown,2018,1,Good,931400.0
1379,2,1,2,Urban,1992,2,Good,468300.0
3577,3,3,2,Urban,1997,2,Excellent,1299800.0
3704,5,5,1,Downtown,2007,1,Good,1475900.0
3719,2,2,2,Suburban,1990,0,Good,777700.0
1102,2,2,2,Suburban,2012,3,Fair,334700.0
3054,2,2,2,Suburban,2009,2,Excellent,872700.0
4245,4,2,1,Suburban,2008,1,Good,950700.0
2351,3,2,1,Suburban,2002,2,Good,582800.0
1404,2,2,1,Suburban,1976,2,Good,371000.0
2746,5,5,1,Downtown,2004,1,Good,1155600.0
3331,4,4,3,Downtown,1987,2,Fair,1137300.0
2495,1,1,1,Urban,2015,1,Excellent,913800.0
3373,3,3,2,Urban,1990,3,Good,1026000.0
2170,4,4,1,Urban,1979,0,Good,687800.0
1560,3,2,2,Rural,2002,0,Good,326800.0
4410,1,1,2,Rural,2013,1,Good,655200.0
3260,1,1,2,Urban,2019,2,Good,986800.0
2085,2,1,1,Urban,1994,2,Good,638700.0
3290,4,3,1,Rural,1998,2,Good,562400.0
4440,5,5,1,Downtown,2001,2,Good,1722700.0
1628,2,2,1,Rural,2004,1,Good,341900.0
3889,2,1,1,Suburban,2019,3,Fair,766800.0
1102,2,2,1,Urban,2001,1,Excellent,481700.0
3414,2,1,1,Rural,2000,2,Good,502800.0
997,4,3,2,Rural,1981,1,Good,272500.0
1470,2,2,1,Suburban,2016,2,Excellent,516900.0
3442,2,2,1,Urban,2021,2,Fair,922000.0
992,2,1,1,Suburban,2012,2,Excellent,393900.0
806,3,3,2,Urban,1979,0,Excellent,346500.0
1638,3,3,2,Suburban,1997,1,Excellent,555100.0
2481,4,3,2,Rural,2002,1,Excellent,577000.0
4225,2,1,2,Downtown,2008,2,Good,1576600.0
3539,4,4,1,Rural,1989,1,Fair,509700.0
2084,3,2,2,Downtown,2006,3,Good,863700.0
4362,2,2,1,Suburban,2000,1,Good,968000.0
4246,3,2,1,Downtown,2022,1,Fair,1438000.0
1463,4,3,2,Rural,2005,2,Good,357900.0
3390,5,4,2,Suburban,1993,1,Good,825200.0
3912,3,2,1,Rural,1983,3,Excellent,718500.0
1163,3,1,2,Rural,2003,2,Excellent,338300.0
1620,5,5,2,Urban,2013,1,Excellent,758600.0
695,3,2,1,Suburban,1978,0,Good,214500.0
2523,1,1,1,Suburban,1977,1,Excellent,623100.0
2357,5,5,1,Rural,2003,1,Excellent,595200.0
3132,2,2,1,Suburban,1985,2,Good,701200.0
4078,3,1,1,Urban,2007,1,Good,1182200.0
2878,2,1,1,Suburban,2012,1,Excellent,797300.0
3396,1,1,1,Urban,1985,1,Excellent,1113100.0
2278,2,2,2,Urban,2001,0,Good,766300.0
3842,4,3,2,Urban,2007,1,Fair,1044200.0
1140,2,1,3,Suburban,1995,2,Good,338400.0
1659,2,2,1,Urban,2013,2,Fair,544900.0
3172,2,1,2,Downtown,2005,2,Excellent,1407900.0
1783,3,2,2,Urban,2012,2,Excellent,751400.0
2322,6,4,2,Suburban,2020,1,Fair,594900.0
3914,3,3,1,Urban,1976,2,Good,1147000.0
3757,3,2,2,Urban,2001,0,Fair,970800.0
2419,4,3,1,Urban,2010,1,Good,820600.0
3225,3,2,1,Rural,1985,1,Good,502600.0
3329,2,1,2,Rural,2021,0,Good,552000.0
3204,2,1,2,Urban,1992,2,Good,949500.0
2197,2,2,1,Suburban,1975,1,Fair,432600.0
3660,3,2,3,Urban,2009,2,Good,1107800.0
3293,3,2,2,Suburban,2009,1,Fair,705800.0
1395,4,4,1,Suburban,2005,1,Good,478200.0
1651,2,1,3,Rural,2002,2,Fair,278700.0
2243,3,3,1,Rural,2013,1,Good,456600.0
4227,3,3,3,Downtown,1975,1,Excellent,1824600.0
1963,3,2,2,Downtown,1999,0,Excellent,945400.0
4469,4,3,1,Urban,2017,2,Excellent,1619800.0
2581,3,2,2,Suburban,2012,2,Excellent,778300.0
1954,2,2,2,Urban,1994,1,Fair,554300.0
2263,4,3,2,Urban,1977,3,Fair,663900.0
2129,3,3,3,Suburban,1976,2,Good,538700.0
2638,3,3,2,Rural,1992,2,Excellent,548200.0
4019,3,1,2,Urban,2018,2,Excellent,1412200.0
2096,3,2,2,Urban,1984,1,Fair,574200.0
3902,4,3,2,Downtown,1979,2,Good,1454300.0
2837,2,2,1,Rural,1983,1,Fair,375200.0
3896,2,1,2,Urban,1976,0,Good,1065800.0
2008,1,1,1,Suburban,2008,3,Good,521000.0
2000,4,3,2,Suburban,2012,2,Fair,515600.0
1906,2,1,2,Rural,2005,1,Good,388900.0
3280,4,4,2,Suburban,1984,1,Good,755200.0
3275,3,3,2,Suburban,1986,2,Good,772800.0
1572,4,3,2,Suburban,2010,0,Fair,415300.0
2368,6,5,1,Urban,1995,0,Excellent,955200.0
1882,4,4,2,Urban,2023,0,Good,711300.0
4030,4,2,1,Suburban,2021,1,Excellent,1120000.0
1309,3,2,1,Downtown,1980,2,Excellent,670000.0
2079,3,2,1,Suburban,2022,0,Fair,493800.0
2034,2,1,2,Suburban,2023,2,Fair,474400.0
1248,2,1,2,Urban,1977,1,Good,401100.0
917,3,3,2,Rural,1984,2,Fair,218500.0
4348,3,3,1,Suburban,1979,3,Excellent,1117500.0
3896,2,2,1,Suburban,2020,2,Good,905500.0
4490,3,3,1,Rural,2000,2,Excellent,831600.0
1857,4,3,1,Urban,1995,3,Good,659900.0
1283,3,3,2,Suburban,2019,1,Good,443900.0
1263,4,3,1,Suburban,2000,2,Good,407100.0
2598,4,4,1,Rural,2012,2,Fair,468000.0
4498,6,5,1,Urban,2018,1,Good,1428700.0
4045,3,2,1,Suburban,2000,1,Excellent,1068100.0
4343,4,4,1,Urban,1982,3,Good,1300300.0
2231,5,5,1,Suburban,1979,2,Good,641700.0
2095,5,5,2,Rural,1989,1,Fair,414900.0
3904,2,2,2,Suburban,1990,1,Good,859200.0
4363,3,2,2,Rural,1975,2,Excellent,733200.0
1736,2,2,3,Suburban,1990,1,Excellent,527600.0
2453,1,1,1,Suburban,2011,2,Good,613100.0
2120,3,2,2,Downtown,1977,2,Excellent,973800.0
3089,4,4,3,Rural,2021,2,Good,615000.0
1163,4,3,1,Urban,2005,1,Good,473100.0
1891,2,1,3,Rural,1987,2,Good,340000.0
4181,4,3,1,Suburban,1990,2,Excellent,1116100.0
4478,3,2,1,Suburban,2017,2,Fair,905900.0
4057,4,4,1,Downtown,1995,1,Good,1547200.0
4058,5,4,2,Suburban,1976,1,Good,950500.0
3784,3,3,2,Rural,2001,3,Good,626600.0
2236,2,1,2,Suburban,2012,0,Good,564100.0
4296,4,4,1,Rural,2000,1,Good,689700.0
3599,3,2,1,Rural,2012,1,Fair,505100.0
3752,1,1,1,Suburban,2020,2,Good,841400.0
1298,4,4,1,Rural,1999,1,Good,311300.0
2760,2,2,3,Rural,1985,1,Good,449800.0
601,4,3,1,Urban,1982,0,Good,261400.0
1241,3,2,2,Suburban,1982,2,Fair,308300.0
2867,4,4,2,Rural,2007,1,Excellent,657600.0
2189,2,1,1,Suburban,1981,1,Good,497700.0
1454,6,4,2,Urban,2012,1,Fair,519400.0
2359,4,3,1,Suburban,1995,2,Good,618900.0
3896,2,2,1,Suburban,1982,1,Excellent,997500.0
3032,3,2,1,Rural,1995,0,Excellent,556700.0
4074,6,5,2,Suburban,1994,1,Good,1004000.0
2261,3,1,1,Suburban,1982,3,Good,517000.0
1753,2,1,2,Urban,2020,2,Fair,546800.0
1676,3,3,2,Urban,2005,3,Fair,552600.0
2307,3,2,1,Urban,2003,2,Good,760100.0
3377,4,4,2,Suburban,2022,0,Good,871200.0
2295,3,1,2,Suburban,1983,2,Good,520100.0
2333,3,1,1,Suburban,1989,1,Good,542500.0
2039,2,1,1,Rural,2004,1,Fair,335800.0
2894,3,3,2,Rural,2000,1,Good,475500.0
1435,3,2,1,Urban,1984,1,Fair,436300.0
4110,2,2,2,Suburban,2003,3,Fair,848800.0
802,5,5,1,Suburban,1990,1,Good,325100.0
3855,3,2,1,Suburban,2010,2,Good,885400.0
722,3,3,1,Suburban,1994,0,Good,277100.0
1000,4,4,1,Rural,2019,0,Good,313900.0
1366,3,1,2,Urban,2011,2,Fair,469200.0
893,4,4,1,Rural,1996,2,Fair,273700.0
2927,3,3,2,Urban,1981,2,Good,877000.0
3531,1,1,2,Urban,1997,1,Fair,880900.0
4281,3,3,2,Urban,2015,1,Good,1312600.0
797,3,2,2,Suburban,2014,2,Fair,301000.0
3629,4,2,1,Rural,2003,2,Good,631200.0
2530,2,1,1,Suburban,1990,1,Fair,486400.0
4182,2,1,2,Urban,2012,3,Fair,1114800.0
3399,2,2,1,Suburban,2002,2,Good,768700.0
2791,2,2,2,Downtown,2022,3,Excellent,1352200.0
1208,4,3,1,Suburban,2012,2,Fair,388400.0
3872,2,1,2,Suburban,2005,2,Good,822800.0
1747,3,2,2,Suburban,1988,0,Good,457000.0
786,3,3,2,Suburban,2007,1,Good,343700.0
3997,3,3,2,Suburban,1983,2,Excellent,1078200.0
3111,4,4,2,Urban,2001,1,Fair,912300.0
4020,3,2,2,Urban,1998,0,Excellent,1400500.0
2394,4,3,2,Urban,1987,1,Good,764000.0
1259,3,1,1,Downtown,2000,1,Good,563600.0
3411,3,2,1,Urban,2003,3,Excellent,1226900.0
3602,5,5,1,Rural,2023,2,Good,697900.0
2555,2,1,3,Urban,2017,1,Good,828400.0
3050,1,1,1,Suburban,2002,0,Good,672800.0
1969,4,3,2,Rural,2002,2,Good,443100.0
2586,1,1,2,Urban,1982,2,Fair,698200.0
2134,4,3,2,Suburban,1997,3,Good,576000.0
746,3,2,2,Rural,2003,1,Fair,204400.0
3819,5,5,1,Rural,1979,1,Excellent,752300.0
3511,4,4,2,Rural,2016,1,Excellent,749600.0
2334,3,2,2,Downtown,1981,3,Good,921200.0
2443,5,5,1,Rural,2016,2,Good,556600.0
1088,3,3,1,Suburban,2010,2,Fair,350800.0
3576,5,5,2,Suburban,2015,1,Fair,819900.0
2559,2,1,2,Suburban,2001,2,Excellent,723200.0
2263,3,3,1,Downtown,2020,2,Fair,848900.0
3198,2,1,2,Rural,1976,1,Good,474600.0
2985,3,1,2,Suburban,1999,1,Excellent,839600.0
3519,2,2,1,Urban,1983,1,Excellent,1203900.0
1240,4,4,3,Downtown,2001,1,Good,605200.0
2402,4,4,2,Urban,1975,0,Good,756600.0
3120,5,4,2,Urban,1997,1,Good,1011800.0
2569,2,2,2,Rural,1984,1,Excellent,470300.0
2798,3,3,1,Suburban,2016,0,Good,704600.0
2038,3,3,1,Suburban,1999,1,Good,538800.0
3969,2,1,1,Downtown,1977,2,Fair,1268600.0
2234,3,2,1,Rural,1980,1,Fair,315600.0
862,3,2,1,Rural,1980,2,Good,229900.0
2387,4,2,2,Suburban,1976,1,Excellent,652700.0
2791,3,3,2,Rural,1992,2,Excellent,567700.0
2993,3,2,2,Rural,1997,1,Excellent,580500.0
1223,1,1,2,Downtown,1976,2,Good,484300.0
1616,1,1,2,Suburban,1986,0,Good,336600.0
4243,1,1,1,Urban,1996,2,Excellent,1421700.0
1480,5,4,1,Urban,2011,1,Good,625200.0
2649,1,1,2,Suburban,1994,2,Good,613300.0
3544,2,2,2,Rural,2013,1,Good,576500.0
1927,2,2,1,Suburban,1998,1,Excellent,556700.0
2901,4,4,2,Suburban,2022,1,Good,754600.0
4323,5,5,1,Urban,1994,2,Excellent,1552000.0
1052,4,4,2,Suburban,1975,3,Fair,320000.0
3708,3,3,2,Rural,1975,2,Good,602600.0
1783,3,2,2,Suburban,1991,0,Good,414800.0
3662,1,1,3,Downtown,1975,1,Good,1319600.0
2656,5,4,2,Urban,2019,3,Good,937600.0
3904,4,4,3,Urban,2004,1,Excellent,1436000.0
3770,3,2,3,Urban,2015,2,Good,1154100.0
2282,4,4,2,Suburban,2021,3,Good,661900.0
3463,4,2,2,Urban,1977,2,Good,1025900.0
2855,3,3,1,Rural,2020,1,Good,535500.0
1754,6,5,1,Urban,1985,1,Good,664100.0
1003,5,3,2,Urban,1998,1,Good,416900.0
2799,3,2,1,Rural,1996,2,Excellent,572100.0
2701,3,2,1,Urban,2018,1,Good,883000.0
3791,1,1,3,Downtown,2019,1,Good,1438500.0
2296,3,1,2,Suburban,2000,1,Good,554900.0
1227,1,1,2,Urban,1987,1,Good,401200.0
1186,3,2,1,Rural,1975,2,Excellent,283500.0
2248,6,5,1,Suburban,1998,2,Good,673000.0
2043,3,2,1,Suburban,1984,1,Excellent,577900.0
2045,3,2,1,Suburban,2009,1,Fair,476600.0
703,2,1,1,Downtown,1998,3,Fair,291100.0
853,2,2,1,Downtown,2002,0,Excellent,484400.0
3898,4,4,3,Urban,2010,2,Good,1229200.0
3783,2,2,2,Suburban,1990,3,Fair,757200.0
3157,2,2,1,Downtown,2014,1,Good,1233400.0
2096,3,3,1,Rural,1990,1,Excellent,446900.0
698,4,3,2,Downtown,1991,3,Good,414600.0
2800,4,4,1,Suburban,1989,1,Good,697800.0
2484,1,1,3,Rural,1990,1,Good,394600.0
3561,3,3,1,Urban,1989,1,Good,1070900.0
2519,3,3,1,Suburban,2008,1,Excellent,772200.0
1477,3,2,1,Suburban,1985,2,Fair,345100.0
937,3,2,1,Suburban,1975,2,Good,302000.0
4377,3,3,2,Rural,1989,2,Excellent,809500.0
3469,3,2,2,Rural,2000,1,Fair,513200.0
3834,3,2,2,Rural,1978,0,Good,558700.0
4391,4,4,1,Suburban,2017,2,Good,1064000.0
1556,3,3,2,Rural,1979,0,Good,298200.0
2304,3,1,2,Urban,2009,2,Good,743600.0
760,3,2,2,Suburban,1987,1,Good,278600.0
2203,3,2,1,Downtown,1984,2,Good,869200.0
3448,4,3,1,Downtown,1985,1,Good,1308300.0
997,3,3,2,Suburban,1992,1,Good,320700.0
1900,3,2,2,Urban,2008,1,Fair,596600.0
1415,4,4,1,Urban,2013,1,Good,576000.0
2127,3,2,1,Downtown,2015,1,Excellent,1026100.0
2519,3,2,1,Suburban,2016,2,Good,653600.0
2015,4,3,2,Rural,1997,2,Good,416400.0
1758,3,3,1,Urban,1981,2,Good,582300.0
1818,3,3,3,Urban,2013,3,Excellent,817000.0
1000,6,5,2,Urban,1977,1,Excellent,529900.0
1239,1,1,3,Suburban,1986,0,Fair,267500.0
3704,2,1,2,Downtown,1981,1,Good,1358600.0
3335,3,3,1,Downtown,2023,2,Good,1312200.0
1059,5,4,2,Suburban,2000,1,Good,403400.0
1554,1,1,1,Rural,2007,2,Fair,279800.0
1069,1,1,3,Rural,2011,1,Excellent,312800.0
4046,1,1,2,Urban,2022,3,Fair,1082400.0
1645,1,1,1,Urban,1989,3,Good,551200.0
3397,1,1,2,Urban,1976,0,Good,956500.0
2293,3,1,3,Suburban,2015,1,Fair,506900.0
2685,3,2,1,Suburban,1981,2,Excellent,708600.0
2877,2,2,2,Suburban,2006,1,Excellent,817300.0
4036,3,3,2,Suburban,1978,1,Good,867900.0
1162,1,1,2,Urban,1994,2,Good,373400.0
3085,2,2,1,Downtown,2010,1,Fair,1051900.0
2399,3,1,1,Downtown,2006,2,Good,962000.0
3954,4,3,1,Downtown,2002,2,Fair,1365900.0
2674,1,1,2,Suburban,1987,0,Good,587200.0
825,3,2,1,Suburban,1975,1,Excellent,320000.0
3948,2,1,3,Urban,2009,1,Fair,1029400.0
1397,4,4,1,Downtown,2022,2,Excellent,817900.0
4280,4,4,2,Rural,2004,1,Fair,638700.0
2931,3,2,1,Suburban,2010,2,Excellent,869500.0
3526,2,1,1,Rural,1999,1,Fair,469000.0
1559,5,5,1,Urban,1990,1,Good,622100.0
2104,1,1,1,Suburban,1993,1,Good,478300.0
1052,2,1,2,Suburban,1975,1,Excellent,324300.0
3667,3,1,3,Rural,1979,1,Good,532600.0
1415,2,2,2,Suburban,1996,1,Fair,381200.0
1258,5,4,3,Downtown,1998,1,Good,647700.0
4187,4,3,2,Suburban,2017,0,Good,972400.0
1146,2,2,2,Urban,2019,0,Good,480900.0
1815,3,3,2,Urban,2011,2,Excellent,771000.0
3720,6,5,2,Downtown,2010,1,Good,1516000.0
4183,4,2,1,Rural,2010,1,Good,674000.0
616,3,3,2,Downtown,1978,2,Fair,308200.0
3843,5,4,1,Suburban,2010,1,Good,950400.0
1843,6,5,2,Downtown,1992,2,Good,838200.0
2805,4,3,2,Downtown,1990,1,Good,1116000.0
3124,1,1,1,Suburban,2015,0,Fair,635600.0
1669,3,2,1,Rural,1992,3,Good,357000.0
4044,4,3,3,Suburban,1996,1,Excellent,1092200.0
3165,2,1,2,Suburban,1976,2,Good,671300.0
2746,4,3,1,Rural,1995,1,Good,469900.0
2368,2,1,2,Rural,2010,2,Good,430300.0
1660,1,1,2,Suburban,2018,2,Good,435500.0
2927,3,3,2,Rural,2013,0,Good,508800.0
4020,1,1,3,Rural,2021,2,Good,629200.0
3144,5,4,2,Suburban,2013,1,Excellent,945100.0
901,4,4,1,Rural,2003,2,Fair,269300.0
780,4,3,2,Suburban,2000,1,Good,289600.0
1206,3,2,2,Suburban,1995,2,Fair,335600.0
3770,2,2,1,Suburban,1991,0,Good,807100.0
1299,3,3,1,Downtown,1990,1,Good,567300.0
1592,3,3,1,Suburban,2005,2,Good,467600.0
1739,3,3,2,Suburban,1983,2,Fair,413400.0
790,2,1,2,Suburban,2005,0,Good,271000.0
2900,3,3,2,Urban,1988,1,Good,913200.0
1580,3,2,3,Downtown,2023,1,Good,744800.0
3575,6,5,2,Downtown,2011,1,Good,1501800.0
2606,4,3,1,Urban,1976,1,Good,809500.0
1784,3,2,1,Rural,2022,2,Excellent,472500.0
3927,3,3,1,Suburban,2020,1,Good,928300.0
3994,4,3,1,Rural,1988,2,Good,626300.0
727,1,1,2,Downtown,2007,2,Excellent,445600.0
2665,4,3,2,Urban,2009,1,Good,867100.0
2416,4,2,1,Urban,2013,1,Fair,706200.0
2358,3,3,2,Suburban,2021,1,Good,646500.0
3213,3,3,2,Urban,1994,1,Good,974700.0
1169,2,1,1,Suburban,1976,2,Excellent,331000.0
1946,3,2,1,Rural,2015,1,Excellent,504600.0
2495,1,1,1,Suburban,1993,2,Good,543500.0
3333,4,4,1,Suburban,2011,1,Good,835100.0
4463,1,1,3,Suburban,1992,1,Good,960900.0
1225,2,2,1,Downtown,1990,0,Good,519400.0
3959,5,4,1,Rural,1978,0,Good,613400.0
3501,4,2,2,Suburban,1986,1,Good,777100.0
2286,2,1,3,Suburban,2003,1,Good,562700.0
3609,2,1,1,Suburban,1981,2,Fair,634900.0
4310,1,1,1,Urban,1988,2,Good,1204500.0
754,3,2,1,Urban,1986,1,Good,306400.0
3137,1,1,1,Urban,2009,1,Excellent,1107300.0
2009,3,3,1,Downtown,1979,1,Fair,685300.0
1384,5,4,2,Urban,1991,1,Excellent,640200.0
3775,2,2,1,Suburban,2016,1,Good,875600.0
4064,4,3,1,Urban,2006,1,Good,1235500.0
4482,6,5,2,Suburban,1984,1,Good,1035600.0
845,1,1,1,Suburban,2017,0,Good,264400.0
3847,4,4,1,Rural,1991,0,Good,639400.0
3710,3,2,1,Urban,1979,1,Good,1065700.0
2100,5,4,3,Urban,2019,2,Good,776200.0
2305,3,1,1,Suburban,2016,1,Good,597000.0
3406,3,2,2,Urban,1983,1,Good,974000.0
1137,3,3,2,Downtown,2023,1,Fair,513700.0
2490,4,3,1,Rural,2007,2,Good,494800.0
2441,4,3,3,Suburban,2010,2,Excellent,812100.0
1520,3,2,1,Urban,2010,2,Fair,456100.0
3055,4,3,1,Suburban,1992,0,Good,731700.0
1124,2,1,2,Urban,1983,1,Good,387600.0
3475,2,1,2,Rural,2003,2,Good,537000.0
2129,2,1,2,Suburban,1988,0,Fair,429000.0
3550,2,2,1,Urban,1999,1,Good,998400.0
4496,2,2,1,Urban,1989,2,Fair,1087100.0
635,5,5,2,Urban,1980,1,Fair,324700.0
1284,2,2,1,Downtown,2016,0,Good,570300.0
619,3,2,1,Urban,2003,0,Good,286100.0
2968,2,1,1,Urban,1989,1,Excellent,1014600.0
4447,4,3,1,Rural,2003,1,Fair,614100.0
3159,5,4,2,Suburban,1978,2,Good,766700.0
999,3,1,1,Rural,1992,2,Fair,210500.0
3301,4,3,3,Urban,2023,1,Good,1058200.0
1571,1,1,1,Suburban,2018,2,Excellent,529400.0
2506,4,3,2,Suburban,2013,1,Excellent,790100.0
3118,2,1,1,Suburban,1990,0,Fair,574000.0
1766,5,5,1,Urban,1985,2,Good,638100.0
1715,1,1,1,Downtown,1988,2,Good,665100.0
4025,3,1,1,Suburban,1977,2,Fair,743700.0
1433,4,3,2,Downtown,2016,2,Fair,591900.0
2423,2,2,3,Suburban,2012,2,Excellent,735500.0
3374,2,1,2,Suburban,2019,2,Excellent,929800.0
2582,1,1,1,Downtown,2016,1,Excellent,1198600.0
1453,2,2,1,Suburban,1992,2,Good,396600.0
650,3,3,1,Downtown,1994,3,Good,406700.0
4336,2,1,2,Rural,2022,2,Good,672300.0
4369,3,2,2,Rural,1999,0,Fair,572500.0
1174,1,1,3,Downtown,2012,1,Fair,472000.0
3861,4,3,1,Rural,1987,1,Good,614000.0
1748,2,1,2,Downtown,1978,1,Good,678500.0
2797,2,1,1,Downtown,1988,3,Excellent,1230900.0
2961,1,1,2,Rural,2007,1,Excellent,540400.0
3217,3,3,2,Suburban,2002,1,Excellent,910100.0
4013,4,3,2,Rural,2011,3,Excellent,841600.0
2952,3,2,2,Suburban,1982,1,Fair,575900.0
2315,2,1,1,Rural,2018,0,Good,397300.0
1281,4,4,2,Suburban,2008,1,Good,459700.0
1437,4,3,1,Suburban,2018,2,Good,490600.0
4454,2,2,2,Suburban,1979,0,Excellent,1105100.0
1677,4,4,1,Downtown,1979,3,Excellent,869000.0
3650,5,5,2,Urban,2005,1,Fair,1021500.0
3091,2,2,3,Urban,2019,1,Fair,849300.0
3260,4,3,2,Suburban,1983,1,Good,778700.0
3640,4,3,2,Urban,2016,2,Good,1169800.0
2911,3,3,2,Suburban,2006,1,Excellent,835300.0
3724,1,1,2,Urban,2007,1,Fair,965100.0
2195,1,1,2,Downtown,1977,1,Fair,728800.0
3651,4,3,2,Suburban,2004,2,Good,884700.0
4291,6,4,1,Urban,1986,0,Fair,1139400.0
604,3,3,3,Urban,2003,2,Fair,315600.0
1726,3,2,3,Downtown,1977,2,Excellent,823200.0
1819,3,3,2,Urban,2000,1,Good,668900.0
1373,3,3,1,Suburban,2004,0,Good,429400.0
1476,3,3,1,Suburban,1983,1,Fair,362400.0
1591,1,1,2,Rural,2000,1,Good,291400.0
3531,4,3,1,Urban,1976,0,Excellent,1222700.0
4021,3,3,2,Rural,1977,1,Good,578700.0
646,4,3,1,Downtown,2020,1,Good,451900.0
3514,2,1,1,Rural,1978,1,Good,504000.0
3470,1,1,3,Rural,1999,1,Good,545600.0
3583,2,1,2,Suburban,1987,1,Good,770800.0
4491,3,2,2,Urban,2013,2,Good,1338700.0
3303,5,5,2,Rural,2018,3,Excellent,780200.0
868,2,2,1,Suburban,2009,2,Good,326300.0
969,4,2,2,Suburban,1997,1,Good,326000.0
1235,3,3,1,Suburban,1983,1,Fair,311400.0
1729,4,2,3,Rural,1976,1,Good,335500.0
2293,2,1,2,Urban,2015,0,Excellent,847000.0
2282,4,4,1,Suburban,2018,0,Good,654600.0
1256,4,4,2,Rural,2005,2,Good,360500.0
719,2,2,2,Urban,2018,1,Excellent,390800.0
1430,2,1,1,Downtown,2021,1,Good,618900.0
2410,4,3,3,Urban,1976,3,Good,804000.0
4275,5,5,1,Suburban,2006,1,Good,1022000.0
1681,1,1,1,Downtown,1992,0,Good,653600.0
2574,4,4,2,Downtown,1987,0,Good,1034600.0
1969,5,4,2,Urban,2020,1,Good,748400.0
1340,4,4,2,Suburban,1979,2,Good,455500.0
4145,5,4,2,Suburban,2016,1,Excellent,1183600.0
716,4,4,2,Urban,2018,1,Fair,349300.0
2453,3,3,2,Rural,1984,2,Good,436200.0
3438,2,1,1,Suburban,2017,2,Fair,739200.0
1750,2,1,1,Urban,1999,3,Excellent,682000.0
4064,4,2,1,Urban,2008,2,Fair,1084800.0
2531,4,3,1,Suburban,2011,1,Good,660700.0
1612,2,2,2,Urban,2004,1,Fair,495800.0
2264,4,3,1,Rural,1981,0,Good,388400.0
1681,4,4,1,Suburban,1980,0,Excellent,549000.0
1233,3,3,1,Urban,1977,2,Good,453800.0
1112,3,1,3,Suburban,1987,2,Good,327400.0
4422,3,2,3,Rural,1977,1,Good,623400.0
3449,2,1,2,Downtown,2000,0,Good,1277100.0
1719,2,1,3,Suburban,1998,1,Excellent,545000.0
4309,1,1,2,Suburban,1980,3,Good,891300.0
1741,2,2,2,Downtown,2017,1,Good,758500.0
1159,3,3,1,Urban,2023,2,Fair,427000.0
4272,3,2,2,Urban,2016,2,Fair,1121800.0
1087,1,1,2,Downtown,1986,3,Good,484900.0
3908,4,3,2,Rural,2023,2,Good,703700.0
1496,2,1,2,Urban,2010,2,Good,535200.0
3943,5,5,2,Suburban,1976,1,Good,892100.0
1812,5,4,2,Urban,1985,0,Fair,552400.0
1303,2,1,3,Suburban,2013,1,Fair,354000.0
2070,3,3,1,Urban,2008,0,Good,673900.0
1180,1,1,2,Suburban,2000,3,Excellent,402000.0
3437,3,2,1,Suburban,1992,1,Fair,692300.0
3508,3,3,2,Urban,1995,2,Good,1051400.0
2894,2,1,2,Urban,2010,1,Good,858300.0
3747,3,1,1,Urban,2014,1,Good,1094000.0
753,2,2,2,Suburban,2020,3,Excellent,394500.0
2279,2,1,1,Suburban,2018,1,Excellent,664700.0
4106,3,3,2,Urban,1996,1,Good,1234500.0
1596,2,1,1,Urban,2004,0,Good,519000.0
3757,3,2,2,Urban,2017,2,Excellent,1397500.0
3344,3,3,1,Downtown,2004,1,Good,1278600.0
3956,6,5,2,Urban,1982,1,Fair,1086600.0
1843,2,1,1,Suburban,2008,1,Good,457600.0
1692,3,2,2,Urban,2021,2,Excellent,753300.0
3718,3,2,3,Downtown,1983,2,Excellent,1647300.0
1608,3,3,3,Urban,1994,1,Fair,492200.0
2741,6,5,2,Urban,2014,1,Good,968500.0
2373,4,3,2,Urban,1999,2,Excellent,942900.0
1557,3,1,1,Suburban,1993,1,Good,391200.0
3659,4,4,1,Suburban,1979,1,Good,851300.0
1052,5,4,1,Suburban,1985,1,Good,352400.0
1827,5,4,2,Downtown,1989,2,Good,845700.0
3559,4,4,3,Urban,1982,1,Fair,975200.0
2865,4,3,1,Suburban,1993,1,Good,702000.0
3121,2,2,3,Downtown,1997,2,Excellent,1464300.0
3079,2,1,2,Suburban,2001,2,Good,705200.0
2988,3,2,2,Suburban,2014,0,Good,735100.0
1150,1,1,1,Urban,2006,1,Good,406100.0
2235,3,2,1,Urban,2000,2,Fair,650900.0
1912,2,1,2,Rural,2001,3,Good,386700.0
3925,2,2,2,Suburban,1993,2,Good,882400.0
2357,4,2,1,Suburban,2016,1,Excellent,751500.0
956,5,3,2,Suburban,2003,1,Fair,319100.0
2670,1,1,2,Suburban,2013,2,Good,638600.0
2385,3,3,2,Suburban,2015,2,Good,675700.0
3169,4,3,3,Rural,2007,1,Excellent,686100.0
2381,1,1,1,Suburban,1993,1,Fair,472600.0
3771,4,4,1,Rural,2011,2,Fair,574200.0
3449,3,2,2,Suburban,1993,1,Fair,705900.0
3851,2,1,1,Downtown,2007,1,Excellent,1672100.0
3894,6,5,1,Urban,2021,1,Fair,1106100.0
3409,2,1,1,Suburban,1990,1,Fair,648300.0
4330,3,2,1,Rural,1997,1,Fair,535300.0
3089,4,2,1,Suburban,1981,2,Good,718900.0
2231,1,1,1,Suburban,2000,1,Fair,460500.0
3416,3,2,1,Suburban,2006,1,Good,789500.0
1615,5,4,1,Suburban,1986,1,Good,472700.0
1948,2,1,2,Suburban,1982,1,Good,448900.0
1115,4,3,2,Urban,1979,1,Good,413300.0
3687,3,2,2,Suburban,2016,1,Good,875100.0
3439,3,2,1,Suburban,2002,2,Excellent,942600.0
935,3,2,1,Urban,1979,0,Excellent,391400.0
2382,2,1,2,Suburban,2023,0,Good,594600.0
2905,5,3,2,Rural,2000,0,Good,518300.0
1096,5,5,2,Suburban,1979,1,Good,395600.0
1495,3,3,1,Suburban,1996,2,Excellent,530700.0
2807,4,3,3,Urban,1989,0,Good,873100.0
4146,3,3,1,Suburban,1987,3,Good,943300.0
1451,3,3,1,Suburban,2002,0,Good,430100.0
2287,3,3,2,Suburban,2007,2,Excellent,710100.0
2531,3,3,2,Rural,2017,1,Fair,450500.0
3337,3,3,1,Downtown,1997,2,Fair,1168000.0
4346,4,2,1,Urban,2007,1,Good,1288200.0
3027,3,3,2,Suburban,2017,1,Fair,672200.0
2168,1,1,1,Suburban,1992,2,Good,497300.0
1556,2,1,1,Suburban,2004,2,Fair,377000.0
3338,3,1,1,Downtown,2000,1,Good,1259600.0
4098,4,4,2,Rural,1990,0,Excellent,748800.0
2236,3,2,1,Rural,1987,0,Good,356900.0
1891,3,2,3,Suburban,2013,2,Good,551300.0
4248,3,2,2,Suburban,2007,1,Fair,845000.0
2040,3,2,3,Suburban,2000,1,Fair,456500.0
1791,2,1,3,Rural,2022,2,Excellent,477400.0
1666,3,3,1,Suburban,1975,2,Good,422500.0
4227,4,3,1,Suburban,2023,2,Good,1020100.0
884,4,3,1,Suburban,2012,2,Excellent,427600.0
3044,3,2,1,Downtown,1976,2,Excellent,1325200.0
611,1,1,2,Rural,2023,1,Excellent,257300.0
2230,2,2,1,Suburban,1980,1,Good,516600.0
3973,1,1,1,Urban,2020,2,Fair,1024300.0
3924,3,3,1,Suburban,2012,1,Good,915100.0
3146,2,2,3,Urban,2016,3,Good,1014800.0
1353,3,3,1,Urban,1998,0,Fair,402600.0
2682,3,3,1,Rural,1992,0,Good,437800.0
3374,1,1,1,Downtown,2001,3,Fair,1113700.0
3496,3,3,3,Suburban,2015,2,Good,862300.0
689,2,2,2,Suburban,1982,1,Good,221400.0
1375,3,1,1,Suburban,2002,2,Good,405400.0
3252,2,1,1,Suburban,1984,2,Good,694600.0
3617,4,3,1,Urban,1991,1,Excellent,1315000.0
2225,2,1,1,Urban,2003,0,Good,652600.0
3669,5,4,3,Urban,1980,2,Good,1105800.0
1017,3,3,2,Downtown,1988,2,Excellent,597500.0
714,4,4,1,Urban,1996,1,Good,346700.0
1216,3,2,2,Urban,1980,2,Excellent,496600.0
3867,4,4,1,Suburban,2000,2,Fair,831200.0
1425,4,3,2,Suburban,2013,1,Good,459700.0
4172,3,3,2,Rural,1986,2,Fair,582500.0
2249,3,3,1,Urban,2009,1,Good,744800.0
2116,3,2,2,Suburban,1988,1,Excellent,623100.0
3746,3,2,1,Rural,1996,2,Fair,509200.0
1012,1,1,1,Rural,1997,2,Good,205200.0
4047,3,2,1,Suburban,2022,2,Good,979500.0
4091,3,3,1,Suburban,1981,1,Good,912800.0
1328,3,3,2,Suburban,2014,1,Good,427600.0
3948,4,3,3,Urban,1999,0,Good,1193000.0
3668,3,2,2,Suburban,1987,1,Fair,740700.0
3408,6,5,2,Urban,1995,0,Good,1085300.0
1275,2,1,2,Suburban,2015,1,Good,368200.0
4065,3,3,1,Rural,1984,1,Good,619100.0
2492,3,2,1,Suburban,1983,2,Good,621900.0
3104,3,3,1,Suburban,1989,1,Excellent,853900.0
3567,4,3,2,Rural,1976,1,Good,573600.0
2839,2,1,3,Suburban,1999,1,Good,643300.0
3386,4,4,1,Rural,1987,0,Fair,494600.0
4360,3,2,2,Suburban,2008,0,Good,970400.0
1722,3,2,2,Suburban,2008,1,Good,512600.0
2171,3,3,2,Urban,2009,2,Fair,685400.0
1577,3,3,1,Urban,2012,0,Good,608800.0
1608,3,3,1,Suburban,1977,2,Good,416700.0
2743,3,3,1,Downtown,2016,3,Good,1135000.0
2287,1,1,1,Suburban,1980,2,Fair,447000.0
3310,3,2,1,Urban,2022,1,Good,1025400.0
3861,1,1,2,Urban,2023,3,Fair,1028300.0
4407,3,3,1,Urban,1993,0,Excellent,1519600.0
636,3,3,2,Suburban,1977,1,Fair,203300.0
4451,3,3,2,Suburban,1992,2,Good,991700.0
4040,3,2,2,Rural,2013,2,Good,649700.0
4366,1,1,1,Rural,1983,1,Excellent,671700.0
2148,3,3,2,Suburban,1986,1,Fair,491500.0
2926,2,1,3,Suburban,1979,1,Good,628600.0
2864,3,2,1,Suburban,1977,1,Good,625600.0
3514,4,3,1,Rural,1985,1,Good,567600.0
1472,1,1,2,Urban,2004,3,Good,510800.0
2421,3,2,1,Downtown,1978,3,Good,930700.0
1896,3,2,1,Downtown,1979,2,Excellent,899300.0
2709,3,2,1,Suburban,1975,1,Fair,523700.0
1195,2,1,1,Urban,2001,2,Fair,343500.0
2503,2,2,2,Downtown,2002,3,Excellent,1206600.0
1328,4,4,1,Suburban,2003,2,Fair,384200.0
1965,3,3,2,Suburban,1992,1,Excellent,602800.0
996,2,1,2,Downtown,1986,0,Good,405700.0
1298,3,3,2,Suburban,1987,0,Good,375100.0
3690,3,1,2,Suburban,2015,1,Fair,746600.0
2824,2,1,2,Rural,1976,2,Fair,383300.0
2235,3,2,1,Rural,2011,2,Good,457700.0
995,3,3,2,Urban,2019,1,Excellent,525400.0
3092,5,4,2,Urban,1990,1,Excellent,1152900.0
3904,2,1,2,Suburban,2022,1,Fair,779200.0
675,3,2,2,Rural,1998,1,Fair,200500.0
864,3,3,1,Suburban,2009,0,Fair,282800.0
3102,3,2,1,Suburban,1996,2,Excellent,850600.0
2419,3,3,2,Suburban,2010,1,Good,619200.0
1317,3,3,1,Downtown,1985,2,Fair,480600.0
3382,4,3,2,Rural,2020,1,Fair,526000.0
4055,4,3,1,Suburban,2003,1,Good,959800.0
4235,3,2,1,Urban,2009,1,Excellent,1484300.0
1450,4,3,1,Suburban,2022,2,Good,487200.0
4177,3,2,1,Urban,1989,0,Fair,1059200.0
1990,3,2,2,Urban,2005,2,Good,660100.0
743,1,1,1,Urban,2016,1,Good,315800.0
1484,6,4,3,Rural,2015,2,Fair,358700.0
3740,2,2,2,Rural,2017,2,Fair,551100.0
3770,2,1,1,Suburban,1990,1,Good,807200.0
995,1,1,2,Suburban,1984,2,Fair,242900.0
3696,3,3,2,Urban,2023,1,Fair,1041300.0
3595,2,1,2,Urban,2006,2,Good,1080100.0
3538,2,1,1,Urban,1976,1,Good,963500.0
2092,1,1,2,Downtown,1998,1,Good,826400.0
4155,2,1,2,Urban,1997,2,Good,1194800.0
4236,3,1,1,Suburban,1976,2,Good,859100.0
3822,3,2,1,Suburban,2012,1,Good,881100.0
1767,3,3,2,Urban,2005,2,Fair,572400.0
3216,3,1,1,Rural,2014,1,Excellent,608000.0
1662,3,2,2,Rural,2000,1,Fair,321300.0
2756,1,1,1,Suburban,2003,2,Good,618200.0
4364,2,2,3,Urban,1977,1,Good,1225000.0
1665,6,5,2,Rural,1988,1,Good,401200.0
1809,3,1,1,Urban,1999,2,Excellent,677100.0
3582,2,1,1,Urban,2022,0,Good,1051000.0
3045,3,2,2,Suburban,1975,2,Excellent,799500.0
3894,2,2,2,Rural,1977,1,Excellent,655200.0
1233,3,3,2,Rural,2000,0,Excellent,307800.0
1756,2,1,1,Urban,1992,1,Excellent,656400.0
3834,2,2,1,Urban,1983,2,Excellent,1307700.0
1838,2,2,1,Downtown,2012,2,Good,797200.0
1332,5,5,2,Suburban,1997,0,Good,436300.0
834,4,3,1,Rural,1995,0,Fair,212200.0
3305,2,1,1,Rural,1975,3,Good,490700.0
1350,2,2,2,Urban,1995,0,Excellent,561800.0
3235,4,3,3,Rural,2001,2,Good,603200.0
3680,2,1,1,Suburban,2016,1,Excellent,984500.0
3745,2,1,1,Suburban,1980,2,Excellent,932000.0
1553,5,5,2,Rural,2018,1,Fair,363600.0
3139,2,1,2,Suburban,2010,2,Fair,664900.0
3560,3,3,1,Suburban,2002,2,Good,836100.0
3924,6,5,3,Suburban,2019,1,Fair,898800.0
3901,3,2,2,Rural,1991,0,Good,584400.0
2142,1,1,1,Urban,2014,2,Excellent,772500.0
1797,2,1,1,Urban,1977,2,Good,528600.0
2276,4,3,2,Suburban,1986,0,Good,577000.0
1791,4,4,2,Urban,2013,0,Fair,588900.0
2817,4,3,1,Suburban,1986,2,Good,692000.0
2016,2,2,2,Suburban,1976,1,Good,482600.0
3593,4,3,2,Downtown,2020,2,Good,1428300.0
3442,5,4,1,Urban,1996,1,Fair,945100.0
3281,3,2,2,Urban,1997,2,Good,998500.0
1817,5,5,3,Rural,2004,3,Good,485800.0
2140,4,3,1,Rural,1979,3,Excellent,473200.0
2676,3,2,1,Downtown,1983,1,Fair,865800.0
3836,3,2,1,Suburban,1995,2,Fair,758100.0
2045,2,1,2,Suburban,1985,1,Fair,428600.0
2986,2,1,3,Urban,1979,1,Good,879900.0
4319,3,3,1,Urban,2009,1,Good,1296300.0
2119,2,2,2,Downtown,2001,0,Good,821000.0
1988,4,2,2,Suburban,2023,3,Good,588000.0
2456,6,5,2,Downtown,1976,0,Good,1022000.0
1965,4,3,1,Rural,1998,2,Good,420200.0
1099,1,1,1,Rural,2005,2,Good,251500.0
2280,2,2,1,Urban,2007,2,Fair,646000.0
1110,2,1,2,Rural,2013,0,Good,272500.0
3998,3,2,1,Suburban,2004,1,Good,892200.0
816,4,3,3,Urban,2020,2,Excellent,521000.0
1924,5,5,1,Suburban,2011,1,Good,609600.0
1755,3,3,1,Rural,2002,1,Fair,331800.0
2427,5,4,2,Suburban,2005,1,Fair,601300.0
3741,4,3,2,Suburban,1985,1,Excellent,1019600.0
3923,2,1,1,Suburban,1997,2,Fair,736600.0
4086,4,3,1,Urban,1976,1,Fair,1042300.0
2410,3,3,3,Urban,2014,1,Fair,708700.0
3092,2,1,1,Suburban,2015,1,Good,715100.0
3523,3,3,1,Urban,2001,1,Fair,924800.0
1805,2,1,2,Rural,2009,0,Good,341000.0
2814,3,2,1,Suburban,1976,1,Good,597000.0
690,3,2,1,Urban,2013,1,Excellent,407900.0
1313,3,1,1,Suburban,2011,2,Fair,348900.0
2481,3,3,1,Downtown,1995,1,Good,1016100.0
4202,3,2,1,Suburban,1979,1,Good,892500.0
638,3,3,1,Urban,2019,1,Good,350000.0
3797,3,1,1,Suburban,1995,1,Good,839700.0
4122,3,3,1,Suburban,2003,3,Excellent,1132500.0
772,1,1,2,Suburban,1994,1,Fair,212600.0
1252,3,2,1,Urban,2012,0,Excellent,572000.0
1353,2,2,1,Suburban,1994,0,Good,355300.0
1843,3,3,2,Downtown,1999,3,Fair,727100.0
4309,4,3,2,Suburban,1976,1,Excellent,1094100.0
1681,3,2,1,Rural,2006,2,Good,381600.0
2283,3,3,3,Suburban,2000,0,Fair,494800.0
3123,5,5,1,Urban,1980,3,Fair,908200.0
1055,4,4,1,Downtown,2015,2,Fair,481300.0
1428,5,4,2,Suburban,1977,1,Good,462600.0
1494,4,3,2,Urban,2007,0,Fair,498800.0
1984,2,2,1,Suburban,1975,1,Fair,386200.0
2558,2,2,1,Urban,1979,1,Fair,688200.0
3672,3,3,2,Downtown,1987,1,Good,1369700.0
3034,2,2,1,Suburban,1993,1,Excellent,807100.0
2596,3,2,3,Suburban,1986,0,Good,648100.0
2995,3,3,1,Downtown,2022,1,Fair,1071500.0
789,3,3,2,Downtown,1999,1,Excellent,474000.0
1104,4,3,2,Suburban,2009,1,Good,394900.0
1814,4,4,2,Suburban,1986,0,Excellent,585100.0
2131,3,2,2,Suburban,2004,3,Good,577900.0
4040,4,3,2,Suburban,1979,1,Good,902100.0
4080,3,2,1,Urban,2008,2,Good,1228400.0
1423,4,3,1,Urban,1996,1,Fair,441500.0
1528,1,1,1,Suburban,2013,0,Good,388500.0
1533,5,4,2,Suburban,1987,1,Excellent,560300.0
1740,3,2,2,Suburban,2021,1,Excellent,592000.0
733,3,2,1,Rural,1977,2,Excellent,242500.0
2705,2,1,1,Rural,1994,2,Good,417700.0
4227,3,2,1,Suburban,2005,1,Fair,835600.0
1284,2,2,2,Rural,1979,3,Fair,233600.0
3319,2,2,1,Rural,1998,1,Good,502500.0
2820,3,3,2,Suburban,2014,3,Good,742900.0
2452,3,2,3,Rural,2007,3,Fair,400800.0
1414,3,2,1,Rural,1982,1,Fair,233000.0
1772,5,3,1,Suburban,1998,1,Good,510500.0
679,3,2,1,Suburban,1994,1,Good,231800.0
3533,3,2,1,Suburban,1990,2,Excellent,951300.0
3884,1,1,1,Rural,1986,1,Good,537800.0
802,4,3,1,Urban,1987,3,Good,378100.0
3411,3,2,2,Downtown,2019,2,Good,1347000.0
1852,6,4,1,Urban,2016,1,Excellent,829200.0
2299,4,4,1,Suburban,2013,0,Good,633200.0
1850,3,2,3,Downtown,1999,2,Excellent,939400.0
2282,2,1,2,Urban,2020,1,Excellent,858100.0
2155,4,3,1,Rural,2006,2,Excellent,507700.0
4112,4,3,2,Suburban,1998,1,Good,947000.0
4073,2,1,1,Downtown,2022,1,Fair,1340300.0
2694,2,2,2,Suburban,2021,0,Fair,589900.0
1856,4,3,2,Rural,2018,2,Fair,381200.0
3976,2,1,2,Urban,1983,0,Fair,975800.0
2149,5,4,1,Urban,2014,2,Fair,712600.0
1766,3,2,2,Rural,1997,1,Good,357600.0
4086,1,1,1,Suburban,1987,2,Good,856800.0
4184,4,4,1,Rural,2006,1,Good,679300.0
1996,3,1,1,Urban,1989,0,Fair,522600.0
4237,3,2,1,Suburban,2010,2,Good,980700.0
3930,2,1,1,Suburban,2023,0,Good,876100.0
3303,1,1,2,Urban,1979,1,Good,907500.0
1070,3,2,3,Suburban,1996,1,Excellent,441000.0
3618,3,2,1,Urban,1990,2,Fair,962400.0
1635,3,1,1,Suburban,2015,3,Fair,415800.0
1953,4,4,1,Suburban,1984,1,Good,509000.0
3383,3,2,1,Urban,1998,1,Fair,900500.0
3431,2,1,1,Rural,1992,2,Good,505000.0
1567,3,3,3,Suburban,2023,0,Good,511500.0
957,5,4,1,Suburban,1992,3,Good,375100.0
3619,4,3,1,Urban,1981,1,Fair,967800.0
4079,3,1,1,Downtown,1978,3,Good,1476500.0
1267,2,1,2,Downtown,2000,2,Good,589300.0
972,2,2,2,Suburban,1979,2,Good,290800.0
1631,4,4,3,Suburban,1990,2,Fair,461500.0
1745,4,3,2,Suburban,2009,1,Fair,450200.0
1971,3,3,1,Urban,2000,1,Fair,565900.0
3323,4,3,1,Suburban,1992,0,Fair,644700.0
689,4,4,2,Downtown,2003,2,Excellent,539100.0
4319,2,1,1,Suburban,1997,2,Fair,819600.0
3345,3,1,2,Downtown,1988,2,Good,1232000.0
3987,2,1,1,Urban,1989,1,Excellent,1343500.0
3849,2,1,1,Urban,2023,0,Fair,1018000.0
1139,4,3,2,Suburban,2007,1,Good,422700.0
3379,3,2,2,Rural,1999,2,Excellent,636800.0
1468,3,3,2,Suburban,1995,1,Excellent,527200.0
640,2,1,1,Suburban,1991,1,Good,216200.0
1339,2,1,2,Rural,1997,2,Good,299700.0
4375,2,1,1,Suburban,2017,1,Excellent,1149000.0
2546,2,1,1,Suburban,1991,1,Good,575100.0
3149,3,2,1,Urban,1988,1,Excellent,1118800.0
3606,2,1,1,Urban,2003,2,Good,1070700.0
3816,3,3,1,Rural,1994,1,Good,616300.0
1824,1,1,1,Downtown,2004,2,Excellent,854500.0
1528,2,1,1,Rural,1993,0,Excellent,311000.0
2636,2,2,1,Suburban,2013,2,Good,631200.0
4395,3,2,1,Suburban,1987,1,Fair,824700.0
3108,3,3,1,Urban,1992,1,Good,958500.0
3379,3,2,1,Rural,1997,2,Good,553500.0
3399,3,2,2,Suburban,2020,2,Good,820100.0
1524,4,3,1,Urban,2007,0,Excellent,684600.0
3556,1,1,1,Suburban,2013,2,Excellent,991000.0
2181,2,1,1,Urban,2014,1,Good,683700.0
4218,4,4,2,Downtown,1992,3,Fair,1431900.0
3924,3,2,2,Downtown,1983,2,Good,1447200.0
989,2,1,2,Rural,2007,1,Good,242900.0
2217,5,5,2,Suburban,2006,2,Good,667100.0
3530,4,4,1,Suburban,1991,1,Good,827000.0
855,2,2,2,Suburban,1993,0,Good,266700.0
1308,3,3,2,Suburban,2001,3,Good,432600.0
2438,3,2,1,Suburban,1980,2,Good,579300.0
2544,3,2,1,Downtown,2009,1,Good,1038200.0
3097,3,3,1,Downtown,2011,1,Fair,1078500.0
609,2,1,3,Rural,2008,1,Good,200100.0
3471,3,3,2,Suburban,1994,3,Good,840100.0
1397,3,1,2,Suburban,1999,0,Good,384600.0
3913,4,2,1,Suburban,1978,1,Fair,745900.0
3922,3,3,1,Urban,1984,1,Excellent,1357100.0
1476,1,1,1,Urban,1984,1,Good,442200.0
1628,3,2,1,Downtown,1998,1,Good,677000.0
3790,2,2,2,Urban,1995,1,Good,1078900.0
1615,3,3,2,Suburban,1985,0,Good,425900.0
2424,3,2,1,Urban,2001,1,Good,740600.0
973,2,1,2,Suburban,1990,3,Excellent,344300.0
3736,3,1,1,Suburban,2000,0,Good,825500.0
2793,2,1,3,Suburban,2004,2,Excellent,766700.0
823,1,1,1,Rural,2023,2,Good,240300.0
1862,3,2,1,Suburban,1990,2,Fair,424100.0
2824,3,2,1,Suburban,1981,2,Fair,566100.0
2402,6,5,1,Downtown,1990,1,Good,1016500.0
1452,3,3,1,Suburban,2009,1,Good,450000.0
3953,2,1,2,Suburban,1990,1,Good,853000.0
662,3,2,2,Suburban,2014,1,Excellent,346900.0
1840,1,1,2,Urban,1986,2,Good,557800.0
3474,5,4,1,Rural,2009,2,Good,651100.0
3442,3,3,2,Downtown,2023,2,Excellent,1611900.0
1288,4,3,1,Downtown,1995,0,Excellent,699300.0
2084,2,1,1,Suburban,2017,3,Good,557900.0
2233,3,3,2,Urban,2010,1,Excellent,899300.0
2752,3,3,2,Rural,2022,1,Excellent,626200.0
3770,4,3,1,Suburban,1991,1,Good,836800.0
1110,1,1,1,Urban,2006,2,Fair,374900.0
984,2,2,3,Rural,2015,1,Fair,262600.0
1004,6,4,1,Suburban,1980,3,Good,367300.0
3470,3,3,1,Suburban,1998,3,Good,840100.0
1117,3,1,2,Suburban,2001,2,Excellent,414700.0
1075,2,1,1,Downtown,1994,0,Good,441000.0
2600,6,5,1,Rural,1999,2,Good,563100.0
3356,1,1,1,Urban,1976,2,Excellent,1093700.0
2268,4,3,2,Suburban,1983,0,Excellent,685100.0
2493,4,3,2,Urban,2002,0,Good,822800.0
3418,2,2,2,Suburban,2012,0,Fair,711300.0
2060,3,3,3,Suburban,1977,0,Good,517700.0
3694,1,1,2,Downtown,1994,1,Good,1354200.0
3644,2,1,1,Suburban,1980,3,Good,784600.0
4236,4,4,1,Suburban,2013,1,Good,1000300.0
3324,4,3,2,Suburban,2007,1,Excellent,965200.0
1313,3,1,2,Urban,1975,3,Good,455100.0
4129,3,3,2,Suburban,2011,1,Good,976100.0
682,2,1,2,Downtown,1980,2,Good,326400.0
1768,1,1,1,Suburban,2019,1,Good,431700.0
3756,2,1,1,Suburban,2008,1,Fair,729900.0
3749,2,1,1,Urban,2021,1,Excellent,1313900.0
3104,2,1,1,Urban,1989,1,Fair,768600.0
2501,3,1,1,Downtown,2019,0,Good,1005100.0
2648,2,2,2,Downtown,2000,2,Fair,886000.0
650,2,1,2,Suburban,1988,1,Good,227400.0
1284,3,2,1,Rural,1981,2,Good,284800.0
1316,4,4,1,Rural,2020,1,Good,373800.0
4443,2,1,1,Urban,2005,0,Fair,1107000.0
2069,5,5,1,Downtown,1998,2,Good,937400.0
1048,4,3,2,Suburban,2005,1,Good,369700.0
1480,2,2,2,Rural,2003,2,Good,333900.0
1087,4,3,2,Rural,2016,3,Fair,296200.0
2423,3,2,2,Urban,2006,2,Good,775500.0
2681,3,2,2,Suburban,1991,0,Fair,555500.0
4019,3,2,1,Suburban,1988,1,Good,876600.0
2742,3,3,1,Suburban,2014,2,Good,683400.0
3743,3,2,1,Urban,2010,2,Good,1157400.0
2174,3,3,3,Urban,2022,0,Good,757600.0
2801,3,2,1,Urban,1998,1,Excellent,1022100.0
849,3,1,1,Rural,2019,1,Good,277200.0
1273,3,2,2,Suburban,2001,1,Fair,344000.0
1037,4,3,3,Urban,1999,1,Good,467900.0
2765,2,1,2,Downtown,2006,1,Excellent,1242500.0
1370,2,1,1,Suburban,1992,2,Good,382200.0
3977,4,3,1,Rural,2020,3,Good,685900.0
867,2,1,1,Rural,1992,2,Excellent,232900.0
2584,1,1,1,Suburban,2011,1,Excellent,690600.0
1677,2,2,1,Urban,2000,1,Good,563000.0
835,2,2,1,Rural,1983,3,Fair,196600.0
988,5,4,3,Suburban,2009,3,Excellent,524700.0
3637,3,3,1,Suburban,1982,3,Fair,710400.0
4405,5,4,2,Rural,1994,2,Good,736400.0
1362,3,3,2,Suburban,2016,1,Good,454800.0
2448,3,3,1,Suburban,1996,2,Good,630100.0
3048,2,1,2,Suburban,1993,1,Good,667900.0
1223,3,2,1,Urban,2004,1,Good,422600.0
3414,2,2,1,Suburban,2002,2,Excellent,937200.0
3974,4,3,2,Rural,2009,0,Fair,575200.0
3566,4,4,1,Downtown,2017,0,Good,1420200.0
3878,2,1,3,Urban,1985,1,Good,1100900.0
1852,5,4,1,Urban,2005,1,Excellent,812400.0
3500,4,4,2,Rural,2023,2,Fair,594000.0
1177,3,2,1,Rural,2022,0,Fair,241300.0
2722,2,1,1,Rural,2013,0,Fair,408800.0
1034,3,2,1,Rural,2010,0,Fair,232300.0
2750,3,3,2,Suburban,2004,0,Excellent,827600.0
4093,2,2,2,Downtown,1997,0,Good,1500300.0
4375,1,1,2,Suburban,1993,2,Good,919400.0
1363,4,4,1,Suburban,1986,1,Good,414500.0
3385,2,1,2,Suburban,1989,2,Good,753800.0
3453,3,2,2,Rural,2005,3,Fair,511900.0
1929,5,4,2,Urban,2017,2,Good,753700.0
2745,4,4,1,Suburban,2011,0,Good,708500.0
3445,2,2,2,Urban,2011,0,Fair,912600.0
1958,4,3,2,Downtown,1989,2,Good,862500.0
3506,1,1,1,Suburban,2003,1,Good,769900.0
3082,1,1,2,Suburban,2017,2,Fair,646500.0
1046,3,3,2,Downtown,2000,2,Fair,441400.0
2617,3,2,1,Urban,2018,3,Good,888100.0
1931,3,2,1,Suburban,1976,3,Fair,437200.0
848,3,3,1,Downtown,1994,1,Excellent,497300.0
765,2,2,2,Rural,1989,1,Fair,194300.0
4152,2,2,2,Downtown,1978,3,Good,1528000.0
3631,3,2,1,Rural,1996,1,Excellent,665600.0
1958,4,3,2,Suburban,2012,0,Excellent,676200.0
1619,3,2,2,Downtown,1997,2,Excellent,816000.0
1141,2,1,1,Suburban,2000,1,Good,311000.0
1358,3,2,2,Suburban,1985,2,Good,387100.0
3777,2,1,3,Suburban,2002,2,Good,860200.0
4234,1,1,2,Downtown,1976,1,Fair,1332200.0
2728,4,4,2,Urban,1982,3,Fair,779100.0
2780,2,2,3,Urban,2003,2,Excellent,1022300.0
1396,2,2,2,Suburban,1985,2,Good,417200.0
3547,3,3,1,Urban,2011,1,Good,1078700.0
737,3,1,2,Suburban,1992,1,Excellent,296600.0
2831,3,2,2,Suburban,1988,2,Good,681000.0
4072,2,2,2,Urban,1984,0,Good,1168200.0
1953,2,1,1,Suburban,2009,1,Good,483800.0
3432,2,1,2,Rural,1983,2,Fair,415600.0
4179,2,2,1,Rural,2009,1,Good,631800.0
2475,3,3,3,Rural,1985,1,Excellent,530900.0
3631,4,3,1,Downtown,2018,1,Excellent,1699300.0
668,4,3,1,Suburban,1986,1,Excellent,324800.0
3193,4,4,1,Urban,1977,2,Good,992500.0
4445,3,3,1,Suburban,2013,1,Excellent,1224800.0
2700,3,2,2,Suburban,1988,0,Fair,537800.0
2073,3,3,3,Suburban,2002,2,Fair,489300.0
804,3,2,2,Urban,1985,3,Good,350600.0
2773,3,2,1,Urban,2013,2,Good,873700.0
4418,2,2,1,Downtown,1999,0,Good,1594400.0
642,3,1,2,Urban,1995,1,Good,301300.0
4423,5,4,3,Suburban,1984,2,Fair,912400.0
2506,2,2,1,Urban,2017,1,Good,805600.0
2758,2,1,1,Downtown,1989,2,Good,1033700.0
1360,3,2,1,Urban,1993,1,Good,474400.0
4334,4,3,2,Rural,2022,1,Fair,663000.0
3854,3,3,2,Suburban,1996,2,Good,873300.0
3495,3,1,1,Urban,1995,2,Good,1003400.0
2742,2,1,1,Urban,2018,2,Good,846300.0
2594,3,3,2,Suburban,2006,1,Good,669000.0
4045,2,2,1,Downtown,1997,0,Good,1510000.0
2535,4,4,1,Downtown,1987,1,Excellent,1218400.0
4191,3,2,2,Suburban,1979,1,Fair,802200.0
1499,2,2,1,Downtown,1978,1,Good,591900.0
959,1,1,1,Rural,2002,0,Good,181700.0
3547,1,1,2,Rural,1988,0,Good,502800.0
2319,3,3,2,Rural,1982,3,Fair,406000.0
880,2,2,2,Rural,1983,2,Fair,186500.0
3866,3,3,2,Urban,2009,3,Good,1193900.0
2487,3,3,2,Rural,2011,1,Excellent,562000.0
3866,2,2,2,Suburban,1995,3,Good,885500.0
1266,2,1,1,Rural,1992,0,Good,234200.0
692,2,2,2,Suburban,2007,1,Excellent,338200.0
1271,4,4,3,Rural,1982,2,Fair,289100.0
2569,2,1,1,Urban,2023,1,Excellent,957300.0
660,3,2,1,Rural,1991,1,Good,201400.0
3281,4,3,1,Downtown,2017,0,Good,1293000.0
3722,3,2,1,Urban,2005,0,Excellent,1326100.0
4074,4,4,1,Rural,2008,2,Excellent,834000.0
4460,3,2,2,Downtown,1980,2,Excellent,1910900.0
1628,5,4,3,Rural,1996,2,Fair,348900.0
2089,2,2,1,Suburban,1988,1,Excellent,596500.0
1203,2,1,1,Rural,1977,2,Excellent,259900.0
1281,3,3,1,Suburban,1986,0,Good,365700.0
3181,5,4,2,Suburban,2010,1,Fair,723500.0
2028,4,4,1,Urban,1986,3,Fair,627300.0
3485,1,1,1,Suburban,2019,0,Excellent,917100.0
4184,2,1,1,Urban,1976,2,Good,1168100.0
3292,5,4,1,Rural,1976,1,Good,558400.0
2880,2,2,1,Urban,1989,2,Good,886100.0
1123,4,3,2,Suburban,1997,2,Good,383200.0
2993,4,3,2,Rural,2003,1,Good,537400.0
3717,3,2,2,Rural,1991,1,Good,554600.0
3193,3,2,1,Rural,2006,2,Excellent,663400.0
2568,3,2,2,Suburban,1981,1,Good,567100.0
1701,2,1,2,Urban,2004,1,Good,587700.0
2353,4,4,1,Rural,2002,2,Good,480400.0
2436,3,2,2,Urban,1988,1,Fair,670500.0
3744,4,4,1,Urban,2018,2,Good,1196400.0
3441,2,1,2,Downtown,2004,1,Good,1290600.0
2896,6,5,1,Suburban,1991,0,Fair,668000.0
2694,3,1,3,Suburban,2006,2,Excellent,760900.0
1744,1,1,1,Downtown,2020,1,Good,712200.0
2861,1,1,2,Urban,1980,1,Fair,699100.0
2886,4,3,2,Suburban,1998,1,Fair,638300.0
1679,3,2,2,Rural,1980,1,Good,308500.0
2997,4,3,1,Suburban,2001,1,Excellent,878000.0
706,2,2,1,Suburban,1992,1,Good,245200.0
3478,1,1,2,Urban,1998,1,Good,1017600.0
647,3,2,1,Rural,2011,1,Good,221300.0
4244,3,3,1,Suburban,1998,2,Good,966600.0
936,3,3,2,Suburban,2012,2,Fair,342600.0
1649,6,4,2,Suburban,2008,1,Fair,491200.0
3451,6,5,1,Urban,2014,2,Good,1135300.0
1880,5,3,1,Urban,2021,2,Fair,612700.0
2655,4,3,1,Suburban,1989,1,Fair,570500.0
1224,3,3,2,Downtown,1985,2,Excellent,657500.0
2490,3,3,2,Rural,1996,1,Fair,397300.0
1876,3,3,2,Rural,1998,2,Good,404500.0
2315,4,4,3,Suburban,1975,0,Good,588200.0
3366,1,1,1,Rural,1992,1,Good,487700.0
902,3,3,1,Suburban,2018,2,Good,376800.0
1238,1,1,1,Rural,1986,0,Fair,197700.0
655,3,1,1,Urban,2017,1,Good,272100.0
1325,4,3,3,Rural,2002,1,Good,337800.0
1125,4,3,2,Urban,2014,1,Good,477500.0
1073,2,1,1,Rural,1981,2,Fair,191500.0
627,6,5,1,Downtown,1997,2,Excellent,515500.0
2725,3,3,2,Urban,1995,0,Fair,749600.0
3887,1,1,2,Rural,2008,0,Good,584600.0
4057,2,2,1,Urban,1985,2,Good,1151800.0
964,2,1,3,Suburban,1996,1,Fair,266800.0
3313,1,1,2,Urban,2016,2,Good,1024500.0
1125,5,5,1,Suburban,2009,1,Good,455400.0
3346,3,3,2,Urban,2003,1,Excellent,1199100.0
1935,4,2,1,Urban,2016,1,Excellent,796700.0
1482,2,1,3,Suburban,2002,1,Good,411500.0
1630,2,1,3,Rural,1992,1,Good,310500.0
1626,3,3,2,Urban,1988,1,Fair,490900.0
2246,2,1,2,Suburban,1992,1,Good,515700.0
